WKT,Layer,Provinsi,Nama,Jenis,Alamat,Latitude,Longitude
"POINT (107.6213249 -7.1336587)",Jawa Barat,Jawa Barat,Kabupaten Bandung,Kabupaten,Kabupaten Bandung, Jawa Barat, Indonesia,-7.1336587,107.6213249
"POINT (107.4906266 -6.8641811)",Jawa Barat,Jawa Barat,Kabupaten Bandung Barat,Kabupaten,Kabupaten Bandung Barat, Jawa Barat, Indonesia,-6.8641811,107.4906266
"POINT (107.1700009 -6.3655197)",Jawa Barat,Jawa Barat,Kabupaten Bekasi,Kabupaten,Kabupaten Bekasi, Jawa Barat, Indonesia,-6.3655197,107.1700009
"POINT (106.6246592 -6.545497)",Jawa Barat,Jawa Barat,Kabupaten Bogor,Kabupaten,Kabupaten Bogor, Jawa Barat, Indonesia,-6.545497,106.6246592
"POINT (108.3475068 -7.3300864)",Jawa Barat,Jawa Barat,Kabupaten Ciamis,Kabupaten,Kabupaten Ciamis, Jawa Barat, Indonesia,-7.3300864,108.3475068
"POINT (107.1996632 -7.3461019)",Jawa Barat,Jawa Barat,Kabupaten Cianjur,Kabupaten,Kabupaten Cianjur, Jawa Barat, Indonesia,-7.3461019,107.1996632
"POINT (108.4890136 -6.7554552)",Jawa Barat,Jawa Barat,Kabupaten Cirebon,Kabupaten,Kabupaten Cirebon, Jawa Barat, Indonesia,-6.7554552,108.4890136
"POINT (107.7626715 -7.4881534)",Jawa Barat,Jawa Barat,Kabupaten Garut,Kabupaten,Kabupaten Garut, Jawa Barat, Indonesia,-7.4881534,107.7626715
"POINT (108.3254932 -6.327)",Jawa Barat,Jawa Barat,Kabupaten Indramayu,Kabupaten,Kabupaten Indramayu, Jawa Barat, Indonesia,-6.327,108.3254932
"POINT (107.3260136 -6.2974294)",Jawa Barat,Jawa Barat,Kabupaten Karawang,Kabupaten,Kabupaten Karawang, Jawa Barat, Indonesia,-6.2974294,107.3260136
"POINT (108.5681437 -7.0073536)",Jawa Barat,Jawa Barat,Kabupaten Kuningan,Kabupaten,Kabupaten Kuningan, Jawa Barat, Indonesia,-7.0073536,108.5681437
"POINT (108.2846779 -6.7800874)",Jawa Barat,Jawa Barat,Kabupaten Majalengka,Kabupaten,Kabupaten Majalengka, Jawa Barat, Indonesia,-6.7800874,108.2846779
"POINT (108.4975661 -7.6128583)",Jawa Barat,Jawa Barat,Kabupaten Pangandaran,Kabupaten,Kabupaten Pangandaran, Jawa Barat, Indonesia,-7.6128583,108.4975661
"POINT (107.4265204 -6.5628219)",Jawa Barat,Jawa Barat,Kabupaten Purwakarta,Kabupaten,Kabupaten Purwakarta, Jawa Barat, Indonesia,-6.5628219,107.4265204
"POINT (107.7682398 -6.5567211)",Jawa Barat,Jawa Barat,Kabupaten Subang,Kabupaten,Kabupaten Subang, Jawa Barat, Indonesia,-6.5567211,107.7682398
"POINT (106.9471923 -6.8792641)",Jawa Barat,Jawa Barat,Kabupaten Sukabumi,Kabupaten,Kabupaten Sukabumi, Jawa Barat, Indonesia,-6.8792641,106.9471923
"POINT (107.950093 -6.8276394)",Jawa Barat,Jawa Barat,Kabupaten Sumedang,Kabupaten,Kabupaten Sumedang, Jawa Barat, Indonesia,-6.8276394,107.950093
"POINT (108.1429606 -7.6386918)",Jawa Barat,Jawa Barat,Kabupaten Tasikmalaya,Kabupaten,Kabupaten Tasikmalaya, Jawa Barat, Indonesia,-7.6386918,108.1429606
"POINT (107.6191 -6.9175)",Jawa Barat,Jawa Barat,Kota Bandung,Kota,Kota Bandung, Jawa Barat, Indonesia,-6.9175,107.6191
"POINT (108.5331421 -7.3677291)",Jawa Barat,Jawa Barat,Kota Banjar,Kota,Kota Banjar, Jawa Barat, Indonesia,-7.3677291,108.5331421
"POINT (106.9804064 -6.2710636)",Jawa Barat,Jawa Barat,Kota Bekasi,Kota,Kota Bekasi, Jawa Barat, Indonesia,-6.2710636,106.9804064
"POINT (106.806 -6.5971)",Jawa Barat,Jawa Barat,Kota Bogor,Kota,Kota Bogor, Jawa Barat, Indonesia,-6.5971,106.806
"POINT (107.54097 -6.883789)",Jawa Barat,Jawa Barat,Kota Cimahi,Kota,Kota Cimahi, Jawa Barat, Indonesia,-6.883789,107.54097
"POINT (108.55185 -6.7311907)",Jawa Barat,Jawa Barat,Kota Cirebon,Kota,Kota Cirebon, Jawa Barat, Indonesia,-6.7311907,108.55185
"POINT (106.7942 -6.4025)",Jawa Barat,Jawa Barat,Kota Depok,Kota,Kota Depok, Jawa Barat, Indonesia,-6.4025,106.7942
"POINT (106.93 -6.9277)",Jawa Barat,Jawa Barat,Kota Sukabumi,Kota,Kota Sukabumi, Jawa Barat, Indonesia,-6.9277,106.93
"POINT (108.2152322 -7.3491874)",Jawa Barat,Jawa Barat,Kota Tasikmalaya,Kota,Kota Tasikmalaya, Jawa Barat, Indonesia,-7.3491874,108.2152322
